<?xml version="1.0" encoding="UTF-8"?>
<?mso-application progid="Excel.Sheet"?><Workbook xmlns="urn:schemas-microsoft-com:office:spreadsheet" xmlns:c="urn:schemas-microsoft-com:office:component:spreadsheet" xmlns:html="http://www.w3.org/TR/REC-html40" xmlns:o="urn:schemas-microsoft-com:office:office" xmlns:ss="urn:schemas-microsoft-com:office:spreadsheet" xmlns:x2="http://schemas.microsoft.com/office/excel/2003/xml" xmlns:x="urn:schemas-microsoft-com:office:excel" xmlns:xsi="http://www.w3.org/2001/XMLSchema-instance"><OfficeDocumentSettings xmlns="urn:schemas-microsoft-com:office:office"><Colors><Color><Index>3</Index><RGB>#000000</RGB></Color><Color><Index>4</Index><RGB>#006600</RGB></Color><Color><Index>5</Index><RGB>#333333</RGB></Color><Color><Index>6</Index><RGB>#808080</RGB></Color><Color><Index>7</Index><RGB>#996600</RGB></Color><Color><Index>8</Index><RGB>#c0c0c0</RGB></Color><Color><Index>9</Index><RGB>#cc0000</RGB></Color><Color><Index>10</Index><RGB>#ffffff</RGB></Color></Colors></OfficeDocumentSettings><ExcelWorkbook xmlns="urn:schemas-microsoft-com:office:excel"><WindowHeight>9000</WindowHeight><WindowWidth>13860</WindowWidth><WindowTopX>240</WindowTopX><WindowTopY>75</WindowTopY><ProtectStructure>False</ProtectStructure><ProtectWindows>False</ProtectWindows></ExcelWorkbook><Styles><Style ss:ID="Default" ss:Name="Default"/><Style ss:ID="Heading_20__28_user_29_" ss:Name="Heading (user)"><Font ss:Bold="1" ss:Color="#000000" ss:Size="24"/></Style><Style ss:ID="Heading_20_1" ss:Name="Heading 1"><Font ss:Bold="1" ss:Color="#000000" ss:Size="18"/></Style><Style ss:ID="Heading_20_2" ss:Name="Heading 2"><Font ss:Bold="1" ss:Color="#000000" ss:Size="12"/></Style><Style ss:ID="Text" ss:Name="Text"/><Style ss:ID="Note" ss:Name="Note"><Font ss:Color="#333333" ss:Size="10"/></Style><Style ss:ID="Footnote" ss:Name="Footnote"><Font ss:Color="#808080" ss:Italic="1" ss:Size="10"/></Style><Style ss:ID="Status" ss:Name="Status"/><Style ss:ID="Good" ss:Name="Good"><Font ss:Color="#006600" ss:Size="10"/></Style><Style ss:ID="Neutral" ss:Name="Neutral"><Font ss:Color="#996600" ss:Size="10"/></Style><Style ss:ID="Bad" ss:Name="Bad"><Font ss:Color="#cc0000" ss:Size="10"/></Style><Style ss:ID="Warning" ss:Name="Warning"><Font ss:Color="#cc0000" ss:Size="10"/></Style><Style ss:ID="Error" ss:Name="Error"><Font ss:Bold="1" ss:Color="#ffffff" ss:Size="10"/></Style><Style ss:ID="Accent" ss:Name="Accent"><Font ss:Bold="1" ss:Color="#000000" ss:Size="10"/></Style><Style ss:ID="Accent_20_1" ss:Name="Accent 1"><Font ss:Bold="1" ss:Color="#ffffff" ss:Size="10"/></Style><Style ss:ID="Accent_20_2" ss:Name="Accent 2"><Font ss:Bold="1" ss:Color="#ffffff" ss:Size="10"/></Style><Style ss:ID="Accent_20_3" ss:Name="Accent 3"><Font ss:Bold="1" ss:Color="#000000" ss:Size="10"/></Style><Style ss:ID="co1"/><Style ss:ID="co2"/><Style ss:ID="co3"/><Style ss:ID="ta1"/><Style ss:ID="ce1"><Alignment ss:Horizontal="Center"/></Style><Style ss:ID="ce3"/></Styles><ss:Worksheet ss:Name="Planilha1"><Table ss:StyleID="ta1"><Column ss:Width="90.7087"/><Column ss:Width="291.4016"/><Row ss:AutoFitHeight="0" ss:Height="17.348"><Cell ss:StyleID="ce1"><Data ss:Type="String">Matricula</Data></Cell><Cell ss:StyleID="ce1"><Data ss:Type="String">Nome</Data></Cell></Row><Row ss:AutoFitHeight="0" ss:Height="12.8126"><Cell ss:Index="2"/></Row><Row ss:Index="4" ss:AutoFitHeight="0" ss:Height="12.8126"><Cell ss:StyleID="ce3"/><Cell ss:Index="2"/></Row><Row ss:AutoFitHeight="0" ss:Height="12.8126"><Cell ss:Index="2"/></Row></Table><x:WorksheetOptions/></ss:Worksheet></Workbook>